[
{"id":1, "name":"Tiger Nixon", "position":"1", "office":"Edinburgh", "extension":"5421", "startDate":"2011/04/25", "salary":"Tiger Nixon","creationTimestamp":"2000-01-01 13:50:43", "friends":["G","D"], "degree":{"id":0,"caption":"None"}},
{"id":2, "name":"Garrett Winters", "position":"1", "office":"Tokyo", "extension":"8422", "startDate":"2011/07/25", "salary":"Garrett Winters","creationTimestamp":"2000-01-01 13:50:43", "friends":["D"], "degree":{"id":2,"caption":"High school"}},
{"id":3, "name":"Ashton Cox", "position":"2", "office":"San Francisco", "extension":"1562", "startDate":"2009/01/12", "salary":"Ashton Cox","creationTimestamp":"2000-01-01 13:50:43", "friends":[], "degree":{"id":2,"caption":"High school"}},
{"id":4, "name":"Cedric Kelly", "position":"1", "office":"Edinburgh", "extension":"6224", "startDate":"2012/03/29", "salary":"Cedric Kelly","creationTimestamp":"2000-01-01 13:50:43", "friends":[], "degree":{"id":2,"caption":"High school"}},
{"id":5, "name":"Airi Satou", "position":"1", "office":"Tokyo", "extension":"5407", "startDate":"2008/11/28", "salary":"Airi Satou","creationTimestamp":"2000-01-01 13:50:43", "friends":[], "degree":{"id":2,"caption":"High school"}},
{"id":6, "name":"Brielle Williamson", "position":"1", "office":"New York", "extension":"4804", "startDate":"2012/12/02", "salary":"Brielle Williamson","creationTimestamp":"2000-01-01 13:50:43", "friends":[], "degree":{"id":2,"caption":"High school"}},
{"id":7, "name":"Herrod Chandler", "position":"1", "office":"San Francisco", "extension":"9608", "startDate":"2012/08/06", "salary":"Herrod Chandler","creationTimestamp":"2000-01-01 13:50:43", "friends":[], "degree":{"id":2,"caption":"High school"}},
{"id":8, "name":"Rhona Davidson", "position":"1", "office":"Tokyo", "extension":"6200", "startDate":"2010/10/14", "salary":"Rhona Davidson","creationTimestamp":"2000-01-01 13:50:43", "friends":[], "degree":{"id":2,"caption":"High school"}},
{"id":9, "name":"Colleen Hurst", "position":"2", "office":"San Francisco", "extension":"2360", "startDate":"2009/09/15", "salary":"Colleen Hurst","creationTimestamp":"2000-01-01 13:50:43", "friends":[], "degree":{"id":2,"caption":"High school"}},
{"id":10, "name":"Sonya Frost", "position":"3", "office":"Edinburgh", "extension":"1667", "startDate":"2008/12/13", "salary":"Sonya Frost","creationTimestamp":"2000-01-01 13:50:43", "friends":[], "degree":{"id":2,"caption":"High school"}},
{"id":11, "name":"Jena Gaines", "position":"2", "office":"London", "extension":"3814", "startDate":"2008/12/19", "salary":"Jena Gaines","creationTimestamp":"2000-01-01 13:50:43", "friends":[], "degree":{"id":2,"caption":"High school"}},
{"id":12, "name":"Quinn Flynn", "position":"1", "office":"Edinburgh", "extension":"9497", "startDate":"2013/03/03", "salary":"Quinn Flynn","creationTimestamp":"2000-01-01 13:50:43", "friends":[], "degree":{"id":2,"caption":"High school"}},
{"id":13, "name":"Charde Marshall", "position":"1", "office":"San Francisco", "extension":"6741", "startDate":"2008/10/16", "salary":"Charde Marshall","creationTimestamp":"2000-01-01 13:50:43", "friends":[], "degree":{"id":2,"caption":"High school"}},
{"id":14, "name":"Haley Kennedy", "position":"1", "office":"London", "extension":"3597", "startDate":"2012/12/18", "salary":"Haley Kennedy","creationTimestamp":"2000-01-01 13:50:43", "friends":[], "degree":{"id":2,"caption":"High school"}},
{"id":15, "name":"Tatyana Fitzpatrick", "position":"1", "office":"London", "extension":"1965", "startDate":"2010/03/17", "salary":"Tatyana Fitzpatrick","creationTimestamp":"2000-01-01 13:50:43", "friends":[], "degree":{"id":2,"caption":"High school"}},
{"id":16, "name":"Michael Silva", "position":"1", "office":"London", "extension":"1581", "startDate":"2012/11/27", "salary":"Michael Silva","creationTimestamp":"2000-01-01 13:50:43", "friends":[], "degree":{"id":2,"caption":"High school"}},
{"id":17, "name":"Paul Byrd", "position":"1", "office":"New York", "extension":"3059", "startDate":"2010/06/09", "salary":"Paul Byrd","creationTimestamp":"2000-01-01 13:50:43", "friends":[], "degree":{"id":2,"caption":"High school"}},
{"id":18, "name":"Gloria Little", "position":"2", "office":"New York", "extension":"1721", "startDate":"2009/04/10", "salary":"Gloria Little","creationTimestamp":"2000-01-01 13:50:43", "friends":[], "degree":{"id":2,"caption":"High school"}},
{"id":19, "name":"Bradley Greer", "position":"2", "office":"London", "extension":"2558", "startDate":"2012/10/13", "salary":"Bradley Greer","creationTimestamp":"2000-01-01 13:50:43", "friends":[], "degree":{"id":2,"caption":"High school"}},
{"id":20, "name":"Dai Rios", "position":"1", "office":"Edinburgh", "extension":"2290", "startDate":"2012/09/26", "salary":"Dai Rios","creationTimestamp":"2000-01-01 13:50:43", "friends":[], "degree":{"id":2,"caption":"High school"}},
{"id":21, "name":"Jenette Caldwell", "position":"1", "office":"New York", "extension":"1937", "startDate":"2011/09/03", "salary":"Jenette Caldwell","creationTimestamp":"2000-01-01 13:50:43", "friends":[], "degree":{"id":2,"caption":"High school"}},
{"id":22, "name":"Yuri Berry", "position":"1", "office":"New York", "extension":"6154", "startDate":"2009/06/25", "salary":"Yuri Berry","creationTimestamp":"2000-01-01 13:50:43", "friends":[], "degree":{"id":2,"caption":"High school"}},
{"id":23, "name":"Caesar Vance", "position":"1", "office":"New York", "extension":"8330", "startDate":"2011/12/12", "salary":"Caesar Vance","creationTimestamp":"2000-01-01 13:50:43", "friends":[], "degree":{"id":2,"caption":"High school"}},
{"id":24, "name":"Doris Wilder", "position":"1", "office":"Sidney", "extension":"3023", "startDate":"2010/09/20", "salary":"Doris Wilder","creationTimestamp":"2000-01-01 13:50:43", "friends":[], "degree":{"id":2,"caption":"High school"}},
{"id":25, "name":"Angelica Ramos", "position":"1", "office":"London", "extension":"5797", "startDate":"2009/10/09", "salary":"Angelica Ramos","creationTimestamp":"2000-01-01 13:50:43", "friends":[], "degree":{"id":2,"caption":"High school"}},
{"id":26, "name":"Gavin Joyce", "position":"1", "office":"Edinburgh", "extension":"8822", "startDate":"2010/12/22", "salary":"Gavin Joyce","creationTimestamp":"2000-01-01 13:50:43", "friends":[], "degree":{"id":2,"caption":"High school"}},
{"id":27, "name":"Jennifer Chang", "position":"1", "office":"Singapore", "extension":"9239", "startDate":"2010/11/14", "salary":"Jennifer Chang","creationTimestamp":"2000-01-01 13:50:43", "friends":[], "degree":{"id":2,"caption":"High school"}},
{"id":28, "name":"Brenden Wagner", "position":"1", "office":"San Francisco", "extension":"1314", "startDate":"2011/06/07", "salary":"Brenden Wagner","creationTimestamp":"2000-01-01 13:50:43", "friends":[], "degree":{"id":2,"caption":"High school"}},
{"id":29, "name":"Fiona Green", "position":"1", "office":"San Francisco", "extension":"2947", "startDate":"2010/03/11", "salary":"Fiona Green","creationTimestamp":"2000-01-01 13:50:43", "friends":[], "degree":{"id":2,"caption":"High school"}},
{"id":30, "name":"Shou Itou", "position":"1", "office":"Tokyo", "extension":"8899", "startDate":"2011/08/14", "salary":"Shou Itou","creationTimestamp":"2000-01-01 13:50:43", "friends":[], "degree":{"id":2,"caption":"High school"}},
{"id":30, "name":"Michelle House", "position":"1", "office":"Sidney", "extension":"2769", "startDate":"2011/06/02", "salary":"Michelle House","creationTimestamp":"2000-01-01 13:50:43", "friends":[], "degree":{"id":2,"caption":"High school"}},
{"id":32, "name":"Suki Burks", "position":"2", "office":"London", "extension":"6832", "startDate":"2009/10/22", "salary":"Suki Burks","creationTimestamp":"2000-01-01 13:50:43", "friends":[], "degree":{"id":2,"caption":"High school"}},
{"id":33, "name":"Prescott Bartlett", "position":"1", "office":"London", "extension":"3606", "startDate":"2011/05/07", "salary":"Prescott Bartlett","creationTimestamp":"2000-01-01 13:50:43", "friends":[], "degree":{"id":2,"caption":"High school"}},
{"id":34, "name":"Gavin Cortez", "position":"1", "office":"San Francisco", "extension":"2860", "startDate":"2008/10/26", "salary":"Gavin Cortez","creationTimestamp":"2000-01-01 13:50:43", "friends":[], "degree":{"id":2,"caption":"High school"}},
{"id":35, "name":"Martena Mccray", "position":"1", "office":"Edinburgh", "extension":"8240", "startDate":"2011/03/09", "salary":"Martena Mccray","creationTimestamp":"2000-01-01 13:50:43", "friends":[], "degree":{"id":2,"caption":"High school"}},
{"id":36, "name":"Unity Butler", "position":"1", "office":"San Francisco", "extension":"5384", "startDate":"2009/12/09", "salary":"Unity Butler","creationTimestamp":"2000-01-01 13:50:43", "friends":[], "degree":{"id":2,"caption":"high school"}}
]
