[
{"id":1, "name":"Tiger Nixon", "position":"System Architect", "country":"Italy", "town":"Torino"},
{"id":2, "name":"Garrett Winters", "position":"Accountant", "country":"Italy", "town":"Roma"},
{"id":3, "name":"Ashton Cox", "position":"Junior Technical Author", "country":"France", "town":"Lyon"},
{"id":4, "name":"Cedric Kelly", "position":"Senior Javascript Developer", "country":"Germany", "town":"Munich"},
{"id":5, "name":"Airi Satou", "position":"Accountant", "country":"Italy", "town":"Torino"},
{"id":6, "name":"Brielle Williamson", "position":"Integration Specialist", "country":"France", "town":"Paris"},
{"id":7, "name":"Herrod Chandler", "position":"Sales Assistant", "country":"France", "town":"Paris"},
{"id":8, "name":"Rhona Davidson", "position":"Integration Specialist", "country":"Germany", "town":"Berlin"},
{"id":9, "name":"Colleen Hurst", "position":"Javascript Developer", "country":"Germany", "town":"Berlin"},
{"id":10, "name":"Sonya Frost", "position":"Software Engineer", "country":"France", "town":"Lyon"},
{"id":11, "name":"Jena Gaines", "position":"Office Manager", "country":"Italy", "town":"Roma"},
{"id":12, "name":"Quinn Flynn", "position":"Support Lead", "country":"Italy", "town":"Roma"},
{"id":13, "name":"Charde Marshall", "position":"Regional Director", "country":"Italy", "town":"Roma"}
]
