{"v":"5.6.5","fr":24,"ip":0,"op":28,"w":48,"h":48,"nm":"Comp 1","ddd":0,"assets":[],"layers":[{"ddd":0,"ind":1,"ty":4,"nm":"coin 2","sr":1,"ks":{"o":{"a":0,"k":100,"ix":11},"r":{"a":0,"k":0,"ix":10},"p":{"a":1,"k":[{"i":{"x":0.833,"y":0.546},"o":{"x":0.333,"y":0},"t":0,"s":[24,24,0],"to":[-0.823,0,0],"ti":[-0.831,0,0]},{"i":{"x":0.833,"y":0.982},"o":{"x":0.167,"y":0.018},"t":13,"s":[19.063,24,0],"to":[0.831,0,0],"ti":[-0.823,0,0]},{"i":{"x":0.667,"y":1},"o":{"x":0.167,"y":0.452},"t":14,"s":[28.984,24,0],"to":[0.823,0,0],"ti":[0.831,0,0]},{"t":27,"s":[24,24,0]}],"ix":2},"a":{"a":0,"k":[24,24,0],"ix":1},"s":{"a":1,"k":[{"i":{"x":[0.833,0.833,0.833],"y":[0.845,1,1]},"o":{"x":[0.333,0.333,0.333],"y":[0,0,0]},"t":0,"s":[100,100,100]},{"i":{"x":[0.833,0.833,0.833],"y":[-0.19,1,1]},"o":{"x":[0.167,0.167,0.167],"y":[-1.19,0,0]},"t":13,"s":[0,100,100]},{"i":{"x":[0.667,0.667,0.667],"y":[1,1,1]},"o":{"x":[0.167,0.167,0.167],"y":[0.155,0,0]},"t":14,"s":[0,100,100]},{"t":27,"s":[100,100,100]}],"ix":6}},"ao":0,"shapes":[{"ty":"gr","it":[{"ind":0,"ty":"sh","ix":1,"ks":{"a":0,"k":{"i":[[0.961,0],[0,0],[0,0],[0,0],[0,-2.14]],"o":[[0,0],[0,0],[0,0],[1.883,0.027],[0,2.14]],"v":[[0.844,7],[-4,7],[-4,1],[1,1],[4,4.391]],"c":true},"ix":2},"nm":"Path 1","mn":"ADBE Vector Shape - Group","hd":false},{"ind":1,"ty":"sh","ix":2,"ks":{"a":0,"k":{"i":[[0,0],[0,0],[-0.523,-0.398],[0,-0.906],[2.063,-0.035],[0,0]],"o":[[0,0],[1.129,0],[0.523,0.398],[0,1.621],[0,0],[0,0]],"v":[[-4,-7],[0.199,-7],[2.676,-6.402],[3.461,-4.445],[0.363,-2],[-4,-2]],"c":true},"ix":2},"nm":"Path 2","mn":"ADBE Vector Shape - Group","hd":false},{"ind":2,"ty":"sh","ix":3,"ks":{"a":0,"k":{"i":[[0.587,0.776],[1.016,0.258],[-0.5,0.746],[0,0.98],[1.246,0.93],[1.071,0.229],[0,0],[0,0],[0,0],[0,0],[0,0],[0,0],[0,0],[0,0],[0,0],[0,0],[0,0],[0,0],[0,0],[0,0],[0,0],[0,0],[0,0],[-0.818,0.663],[0,1.922]],"o":[[-0.586,-0.782],[0.891,-0.348],[0.496,-0.746],[0,-1.793],[-0.702,-0.524],[0,0],[0,0],[0,0],[0,0],[0,0],[0,0],[0,0],[0,0],[0,0],[0,0],[0,0],[0,0],[0,0],[0,0],[0,0],[0,0],[0,0],[1.283,-0.227],[1.219,-0.988],[0,-1.129]],"v":[[7.116,1.267],[4.714,-0.288],[6.8,-1.929],[7.546,-4.519],[5.679,-8.605],[3,-9.718],[3,-13],[0,-13],[0,-10],[-2,-10],[-2,-13],[-5,-13],[-5,-10],[-8,-10],[-8,10],[-5,10],[-5,13],[-2,13],[-2,10],[0,10],[0,13],[3,13],[3,9.803],[6.172,8.488],[8,4.121]],"c":true},"ix":2},"nm":"Path 3","mn":"ADBE Vector Shape - Group","hd":false},{"ty":"fl","c":{"a":0,"k":[1,0.972549021244,0.882352948189,1],"ix":4},"o":{"a":0,"k":100,"ix":5},"r":1,"bm":0,"nm":"Fill 1","mn":"ADBE Vector Graphic - Fill","hd":false},{"ty":"tr","p":{"a":0,"k":[25,24],"ix":2},"a":{"a":0,"k":[0,0],"ix":1},"s":{"a":0,"k":[100,100],"ix":3},"r":{"a":0,"k":0,"ix":6},"o":{"a":0,"k":100,"ix":7},"sk":{"a":0,"k":0,"ix":4},"sa":{"a":0,"k":0,"ix":5},"nm":"Transform"}],"nm":"Group 1","np":4,"cix":2,"bm":0,"ix":1,"mn":"ADBE Vector Group","hd":false},{"ty":"gr","it":[{"ind":0,"ty":"sh","ix":1,"ks":{"a":0,"k":{"i":[[0,-11.044],[11.044,0],[0,11.044],[-11.044,0]],"o":[[0,11.044],[-11.044,0],[0,-11.044],[11.044,0]],"v":[[20,0],[0,20],[-20,0],[0,-20]],"c":true},"ix":2},"nm":"Path 1","mn":"ADBE Vector Shape - Group","hd":false},{"ty":"fl","c":{"a":0,"k":[1,0.75686275959,0.027450980619,1],"ix":4},"o":{"a":0,"k":100,"ix":5},"r":1,"bm":0,"nm":"Fill 1","mn":"ADBE Vector Graphic - Fill","hd":false},{"ty":"tr","p":{"a":0,"k":[24,24],"ix":2},"a":{"a":0,"k":[0,0],"ix":1},"s":{"a":0,"k":[100,100],"ix":3},"r":{"a":0,"k":0,"ix":6},"o":{"a":0,"k":100,"ix":7},"sk":{"a":0,"k":0,"ix":4},"sa":{"a":0,"k":0,"ix":5},"nm":"Transform"}],"nm":"Group 2","np":2,"cix":2,"bm":0,"ix":2,"mn":"ADBE Vector Group","hd":false}],"ip":0,"op":13,"st":0,"bm":0},{"ddd":0,"ind":2,"ty":4,"nm":"coin","sr":1,"ks":{"o":{"a":0,"k":100,"ix":11},"r":{"a":0,"k":0,"ix":10},"p":{"a":1,"k":[{"i":{"x":0.833,"y":0.546},"o":{"x":0.333,"y":0},"t":-1,"s":[24,24,0],"to":[-0.823,0,0],"ti":[-0.831,0,0]},{"i":{"x":0.833,"y":0.982},"o":{"x":0.167,"y":0.018},"t":12,"s":[19.063,24,0],"to":[0.831,0,0],"ti":[-0.823,0,0]},{"i":{"x":0.667,"y":1},"o":{"x":0.167,"y":0.452},"t":13,"s":[28.984,24,0],"to":[0.823,0,0],"ti":[0.831,0,0]},{"t":26,"s":[24,24,0]}],"ix":2},"a":{"a":0,"k":[24,24,0],"ix":1},"s":{"a":1,"k":[{"i":{"x":[0.833,0.833,0.833],"y":[0.845,1,1]},"o":{"x":[0.333,0.333,0.333],"y":[0,0,0]},"t":-1,"s":[100,100,100]},{"i":{"x":[0.833,0.833,0.833],"y":[-0.19,1,1]},"o":{"x":[0.167,0.167,0.167],"y":[-1.19,0,0]},"t":12,"s":[0,100,100]},{"i":{"x":[0.667,0.667,0.667],"y":[1,1,1]},"o":{"x":[0.167,0.167,0.167],"y":[0.155,0,0]},"t":13,"s":[0,100,100]},{"t":26,"s":[100,100,100]}],"ix":6}},"ao":0,"shapes":[{"ty":"gr","it":[{"ind":0,"ty":"sh","ix":1,"ks":{"a":0,"k":{"i":[[0.961,0],[0,0],[0,0],[0,0],[0,-2.14]],"o":[[0,0],[0,0],[0,0],[1.883,0.027],[0,2.14]],"v":[[0.844,7],[-4,7],[-4,1],[1,1],[4,4.391]],"c":true},"ix":2},"nm":"Path 1","mn":"ADBE Vector Shape - Group","hd":false},{"ind":1,"ty":"sh","ix":2,"ks":{"a":0,"k":{"i":[[0,0],[0,0],[-0.523,-0.398],[0,-0.906],[2.063,-0.035],[0,0]],"o":[[0,0],[1.129,0],[0.523,0.398],[0,1.621],[0,0],[0,0]],"v":[[-4,-7],[0.199,-7],[2.676,-6.402],[3.461,-4.445],[0.363,-2],[-4,-2]],"c":true},"ix":2},"nm":"Path 2","mn":"ADBE Vector Shape - Group","hd":false},{"ind":2,"ty":"sh","ix":3,"ks":{"a":0,"k":{"i":[[0.587,0.776],[1.016,0.258],[-0.5,0.746],[0,0.98],[1.246,0.93],[1.071,0.229],[0,0],[0,0],[0,0],[0,0],[0,0],[0,0],[0,0],[0,0],[0,0],[0,0],[0,0],[0,0],[0,0],[0,0],[0,0],[0,0],[0,0],[-0.818,0.663],[0,1.922]],"o":[[-0.586,-0.782],[0.891,-0.348],[0.496,-0.746],[0,-1.793],[-0.702,-0.524],[0,0],[0,0],[0,0],[0,0],[0,0],[0,0],[0,0],[0,0],[0,0],[0,0],[0,0],[0,0],[0,0],[0,0],[0,0],[0,0],[0,0],[1.283,-0.227],[1.219,-0.988],[0,-1.129]],"v":[[7.116,1.267],[4.714,-0.288],[6.8,-1.929],[7.546,-4.519],[5.679,-8.605],[3,-9.718],[3,-13],[0,-13],[0,-10],[-2,-10],[-2,-13],[-5,-13],[-5,-10],[-8,-10],[-8,10],[-5,10],[-5,13],[-2,13],[-2,10],[0,10],[0,13],[3,13],[3,9.803],[6.172,8.488],[8,4.121]],"c":true},"ix":2},"nm":"Path 3","mn":"ADBE Vector Shape - Group","hd":false},{"ty":"fl","c":{"a":0,"k":[1,0.972549021244,0.882352948189,1],"ix":4},"o":{"a":0,"k":100,"ix":5},"r":1,"bm":0,"nm":"Fill 1","mn":"ADBE Vector Graphic - Fill","hd":false},{"ty":"tr","p":{"a":0,"k":[25,24],"ix":2},"a":{"a":0,"k":[0,0],"ix":1},"s":{"a":0,"k":[100,100],"ix":3},"r":{"a":0,"k":0,"ix":6},"o":{"a":0,"k":100,"ix":7},"sk":{"a":0,"k":0,"ix":4},"sa":{"a":0,"k":0,"ix":5},"nm":"Transform"}],"nm":"Group 1","np":4,"cix":2,"bm":0,"ix":1,"mn":"ADBE Vector Group","hd":false},{"ty":"gr","it":[{"ind":0,"ty":"sh","ix":1,"ks":{"a":0,"k":{"i":[[0,-11.044],[11.044,0],[0,11.044],[-11.044,0]],"o":[[0,11.044],[-11.044,0],[0,-11.044],[11.044,0]],"v":[[20,0],[0,20],[-20,0],[0,-20]],"c":true},"ix":2},"nm":"Path 1","mn":"ADBE Vector Shape - Group","hd":false},{"ty":"fl","c":{"a":0,"k":[1,0.75686275959,0.027450980619,1],"ix":4},"o":{"a":0,"k":100,"ix":5},"r":1,"bm":0,"nm":"Fill 1","mn":"ADBE Vector Graphic - Fill","hd":false},{"ty":"tr","p":{"a":0,"k":[24,24],"ix":2},"a":{"a":0,"k":[0,0],"ix":1},"s":{"a":0,"k":[100,100],"ix":3},"r":{"a":0,"k":0,"ix":6},"o":{"a":0,"k":100,"ix":7},"sk":{"a":0,"k":0,"ix":4},"sa":{"a":0,"k":0,"ix":5},"nm":"Transform"}],"nm":"Group 2","np":2,"cix":2,"bm":0,"ix":2,"mn":"ADBE Vector Group","hd":false}],"ip":13,"op":28,"st":-1,"bm":0},{"ddd":0,"ind":3,"ty":4,"nm":"edge","sr":1,"ks":{"o":{"a":0,"k":100,"ix":11},"r":{"a":0,"k":0,"ix":10},"p":{"a":0,"k":[18.938,24.125,0],"ix":2},"a":{"a":0,"k":[18.938,24.125,0],"ix":1},"s":{"a":1,"k":[{"i":{"x":[0.833,0.833,0.833],"y":[0.833,0.833,0.833]},"o":{"x":[0.167,0.167,0.167],"y":[0.167,0.167,0.167]},"t":13,"s":[100,100,100]},{"t":14,"s":[94,100,100]}],"ix":6}},"ao":0,"shapes":[{"ty":"gr","it":[{"ty":"gr","it":[{"ind":0,"ty":"sh","ix":1,"ks":{"a":0,"k":{"i":[[0,0],[0,0],[0,0],[0,0]],"o":[[0,0],[0,0],[0,0],[0,0]],"v":[[-5,1],[5,1],[5,-1],[-5,-1]],"c":true},"ix":2},"nm":"Path 1","mn":"ADBE Vector Shape - Group","hd":false},{"ty":"fl","c":{"a":0,"k":[1,0.75686275959,0.027450980619,1],"ix":4},"o":{"a":0,"k":100,"ix":5},"r":1,"bm":0,"nm":"Fill 1","mn":"ADBE Vector Graphic - Fill","hd":false},{"ty":"tr","p":{"a":0,"k":[24,39],"ix":2},"a":{"a":0,"k":[0,0],"ix":1},"s":{"a":0,"k":[100,100],"ix":3},"r":{"a":0,"k":0,"ix":6},"o":{"a":0,"k":100,"ix":7},"sk":{"a":0,"k":0,"ix":4},"sa":{"a":0,"k":0,"ix":5},"nm":"Transform"}],"nm":"Group 1","np":2,"cix":2,"bm":0,"ix":1,"mn":"ADBE Vector Group","hd":false},{"ty":"gr","it":[{"ind":0,"ty":"sh","ix":1,"ks":{"a":0,"k":{"i":[[0,0],[0,0],[0,0],[0,0]],"o":[[0,0],[0,0],[0,0],[0,0]],"v":[[-5,1],[5,1],[5,-1],[-5,-1]],"c":true},"ix":2},"nm":"Path 1","mn":"ADBE Vector Shape - Group","hd":false},{"ty":"fl","c":{"a":0,"k":[1,0.75686275959,0.027450980619,1],"ix":4},"o":{"a":0,"k":100,"ix":5},"r":1,"bm":0,"nm":"Fill 1","mn":"ADBE Vector Graphic - Fill","hd":false},{"ty":"tr","p":{"a":0,"k":[24,33],"ix":2},"a":{"a":0,"k":[0,0],"ix":1},"s":{"a":0,"k":[100,100],"ix":3},"r":{"a":0,"k":0,"ix":6},"o":{"a":0,"k":100,"ix":7},"sk":{"a":0,"k":0,"ix":4},"sa":{"a":0,"k":0,"ix":5},"nm":"Transform"}],"nm":"Group 2","np":2,"cix":2,"bm":0,"ix":2,"mn":"ADBE Vector Group","hd":false},{"ty":"gr","it":[{"ind":0,"ty":"sh","ix":1,"ks":{"a":0,"k":{"i":[[0,0],[0,0],[0,0],[0,0]],"o":[[0,0],[0,0],[0,0],[0,0]],"v":[[-5,1],[5,1],[5,-1],[-5,-1]],"c":true},"ix":2},"nm":"Path 1","mn":"ADBE Vector Shape - Group","hd":false},{"ty":"fl","c":{"a":0,"k":[1,0.75686275959,0.027450980619,1],"ix":4},"o":{"a":0,"k":100,"ix":5},"r":1,"bm":0,"nm":"Fill 1","mn":"ADBE Vector Graphic - Fill","hd":false},{"ty":"tr","p":{"a":0,"k":[24,27],"ix":2},"a":{"a":0,"k":[0,0],"ix":1},"s":{"a":0,"k":[100,100],"ix":3},"r":{"a":0,"k":0,"ix":6},"o":{"a":0,"k":100,"ix":7},"sk":{"a":0,"k":0,"ix":4},"sa":{"a":0,"k":0,"ix":5},"nm":"Transform"}],"nm":"Group 3","np":2,"cix":2,"bm":0,"ix":3,"mn":"ADBE Vector Group","hd":false},{"ty":"gr","it":[{"ind":0,"ty":"sh","ix":1,"ks":{"a":0,"k":{"i":[[0,0],[0,0],[0,0],[0,0]],"o":[[0,0],[0,0],[0,0],[0,0]],"v":[[-5,1],[5,1],[5,-1],[-5,-1]],"c":true},"ix":2},"nm":"Path 1","mn":"ADBE Vector Shape - Group","hd":false},{"ty":"fl","c":{"a":0,"k":[1,0.75686275959,0.027450980619,1],"ix":4},"o":{"a":0,"k":100,"ix":5},"r":1,"bm":0,"nm":"Fill 1","mn":"ADBE Vector Graphic - Fill","hd":false},{"ty":"tr","p":{"a":0,"k":[24,21],"ix":2},"a":{"a":0,"k":[0,0],"ix":1},"s":{"a":0,"k":[100,100],"ix":3},"r":{"a":0,"k":0,"ix":6},"o":{"a":0,"k":100,"ix":7},"sk":{"a":0,"k":0,"ix":4},"sa":{"a":0,"k":0,"ix":5},"nm":"Transform"}],"nm":"Group 4","np":2,"cix":2,"bm":0,"ix":4,"mn":"ADBE Vector Group","hd":false},{"ty":"gr","it":[{"ind":0,"ty":"sh","ix":1,"ks":{"a":0,"k":{"i":[[0,0],[0,0],[0,0],[0,0]],"o":[[0,0],[0,0],[0,0],[0,0]],"v":[[-5,1],[5,1],[5,-1],[-5,-1]],"c":true},"ix":2},"nm":"Path 1","mn":"ADBE Vector Shape - Group","hd":false},{"ty":"fl","c":{"a":0,"k":[1,0.75686275959,0.027450980619,1],"ix":4},"o":{"a":0,"k":100,"ix":5},"r":1,"bm":0,"nm":"Fill 1","mn":"ADBE Vector Graphic - Fill","hd":false},{"ty":"tr","p":{"a":0,"k":[24,15],"ix":2},"a":{"a":0,"k":[0,0],"ix":1},"s":{"a":0,"k":[100,100],"ix":3},"r":{"a":0,"k":0,"ix":6},"o":{"a":0,"k":100,"ix":7},"sk":{"a":0,"k":0,"ix":4},"sa":{"a":0,"k":0,"ix":5},"nm":"Transform"}],"nm":"Group 5","np":2,"cix":2,"bm":0,"ix":5,"mn":"ADBE Vector Group","hd":false},{"ty":"gr","it":[{"ind":0,"ty":"sh","ix":1,"ks":{"a":0,"k":{"i":[[0,0],[0,0],[0,0],[0,0]],"o":[[0,0],[0,0],[0,0],[0,0]],"v":[[-5,-1],[-5,1],[5,1],[5,-1]],"c":true},"ix":2},"nm":"Path 1","mn":"ADBE Vector Shape - Group","hd":false},{"ty":"fl","c":{"a":0,"k":[1,0.75686275959,0.027450980619,1],"ix":4},"o":{"a":0,"k":100,"ix":5},"r":1,"bm":0,"nm":"Fill 1","mn":"ADBE Vector Graphic - Fill","hd":false},{"ty":"tr","p":{"a":0,"k":[24,9],"ix":2},"a":{"a":0,"k":[0,0],"ix":1},"s":{"a":0,"k":[100,100],"ix":3},"r":{"a":0,"k":0,"ix":6},"o":{"a":0,"k":100,"ix":7},"sk":{"a":0,"k":0,"ix":4},"sa":{"a":0,"k":0,"ix":5},"nm":"Transform"}],"nm":"Group 6","np":2,"cix":2,"bm":0,"ix":6,"mn":"ADBE Vector Group","hd":false},{"ty":"tr","p":{"a":0,"k":[24,9],"ix":2},"a":{"a":0,"k":[24,9],"ix":1},"s":{"a":0,"k":[100,100],"ix":3},"r":{"a":0,"k":0,"ix":6},"o":{"a":0,"k":60,"ix":7},"sk":{"a":0,"k":0,"ix":4},"sa":{"a":0,"k":0,"ix":5},"nm":"Transform"}],"nm":"Group 1","np":6,"cix":2,"bm":0,"ix":1,"mn":"ADBE Vector Group","hd":false},{"ty":"gr","it":[{"ind":0,"ty":"sh","ix":1,"ks":{"a":0,"k":{"i":[[0,0],[0,0],[0,0],[0,0]],"o":[[0,0],[0,0],[0,0],[0,0]],"v":[[5,-20],[-5,-20],[-5,20],[5,20]],"c":true},"ix":2},"nm":"Path 1","mn":"ADBE Vector Shape - Group","hd":false},{"ty":"fl","c":{"a":0,"k":[0.960784316063,0.486274510622,0,1],"ix":4},"o":{"a":0,"k":100,"ix":5},"r":1,"bm":0,"nm":"Fill 1","mn":"ADBE Vector Graphic - Fill","hd":false},{"ty":"tr","p":{"a":0,"k":[24,24],"ix":2},"a":{"a":0,"k":[0,0],"ix":1},"s":{"a":0,"k":[100,100],"ix":3},"r":{"a":0,"k":0,"ix":6},"o":{"a":0,"k":100,"ix":7},"sk":{"a":0,"k":0,"ix":4},"sa":{"a":0,"k":0,"ix":5},"nm":"Transform"}],"nm":"Group 2","np":2,"cix":2,"bm":0,"ix":2,"mn":"ADBE Vector Group","hd":false}],"ip":13,"op":14,"st":0,"bm":0},{"ddd":0,"ind":4,"ty":4,"nm":"mask2","td":1,"sr":1,"ks":{"o":{"a":0,"k":100,"ix":11},"r":{"a":0,"k":0,"ix":10},"p":{"a":1,"k":[{"i":{"x":0.667,"y":1},"o":{"x":0.167,"y":0.167},"t":13,"s":[29.125,24,0],"to":[0,0,0],"ti":[0,0,0]},{"t":26,"s":[24,24,0]}],"ix":2},"a":{"a":0,"k":[0,0,0],"ix":1},"s":{"a":0,"k":[-100,100,100],"ix":6}},"ao":0,"shapes":[{"ty":"gr","it":[{"ind":0,"ty":"sh","ix":1,"ks":{"a":1,"k":[{"i":{"x":0.833,"y":0.833},"o":{"x":0.167,"y":0.167},"t":13,"s":[{"i":[[0,-11.044],[-0.003,-1.875],[0.224,0.015],[0,8.84],[-0.001,2.598],[-1.159,0]],"o":[[0,11.044],[-0.753,-0.031],[0.037,-2.815],[0,-9.027],[1.78,-0.027],[-0.003,2.5]],"v":[[10.024,-0.005],[9.987,19.995],[0.006,19.99],[0.087,-0.207],[0.009,-19.994],[10.034,-20.005]],"c":true}]},{"i":{"x":0.833,"y":0.833},"o":{"x":0.167,"y":0.167},"t":14,"s":[{"i":[[0,-11.044],[0.823,0],[0.226,0.014],[0,8.84],[-0.612,2.487],[-0.15,0]],"o":[[0,11.044],[-0.164,0],[-0.593,-2.642],[0,-9.027],[0.227,0],[0.823,0]],"v":[[11.024,-0.029],[9.534,19.971],[0.228,19.983],[-0.726,-0.029],[0.274,-20.008],[9.534,-20.029]],"c":true}]},{"i":{"x":0.833,"y":0.833},"o":{"x":0.167,"y":0.167},"t":15,"s":[{"i":[[0,-11.044],[1.655,0],[0.451,0.015],[0,8.84],[-1.231,2.487],[-0.302,0]],"o":[[0,11.044],[-0.33,0],[-1.192,-2.642],[0,-9.027],[0.406,0.001],[1.655,0]],"v":[[13.304,0.101],[10.252,20.047],[0.495,19.997],[-1.946,-0.019],[0.516,-19.986],[10.307,-19.946]],"c":true}]},{"i":{"x":0.833,"y":0.833},"o":{"x":0.167,"y":0.167},"t":16,"s":[{"i":[[0,-11.044],[2.524,0],[0.688,0.015],[0,8.84],[-1.878,2.487],[-0.461,0]],"o":[[0,11.044],[-0.504,0],[-1.818,-2.642],[0,-9.027],[0.585,0.021],[2.524,0]],"v":[[15.183,-0.001],[10.612,19.999],[0.561,19.998],[-2.567,-0.04],[0.34,-19.976],[10.612,-20.001]],"c":true}]},{"i":{"x":0.833,"y":0.833},"o":{"x":0.167,"y":0.167},"t":17,"s":[{"i":[[0,-11.044],[3.496,0],[0.953,0.015],[0,8.84],[-2.601,2.487],[-0.638,0]],"o":[[0,11.044],[-0.698,0],[-2.518,-2.642],[0,-9.027],[0.81,0.021],[3.496,0]],"v":[[17.078,-0.009],[10.747,19.991],[0.357,19.99],[-4.094,-0.044],[0.317,-19.981],[10.747,-20.009]],"c":true}]},{"i":{"x":0.833,"y":0.833},"o":{"x":0.167,"y":0.167},"t":18,"s":[{"i":[[0,-11.044],[4.468,0],[1.218,0.015],[0,8.84],[-3.324,2.487],[-0.816,0]],"o":[[0,11.044],[-0.892,0],[-3.218,-2.642],[0,-9.027],[1.036,0.021],[4.468,0]],"v":[[18.473,-0.017],[10.382,19.983],[0.418,19.999],[-5.62,-0.048],[0.56,-19.968],[10.382,-20.017]],"c":true}]},{"i":{"x":0.667,"y":1},"o":{"x":0.167,"y":0.167},"t":20,"s":[{"i":[[0,-11.044],[7.11,0],[1.937,0.015],[0,8.84],[-5.289,2.487],[-1.298,0]],"o":[[0,11.044],[-1.419,0],[-5.121,-2.642],[0,-9.027],[1.648,0.021],[7.11,0]],"v":[[21.005,0.021],[8.13,20.021],[0.204,20.006],[-7.901,0.021],[-0.814,-19.969],[8.13,-19.979]],"c":true}]},{"t":26,"s":[{"i":[[0,-11.044],[11.044,0],[1.983,0.659],[0,8.84],[-8.217,2.487],[-2.017,0]],"o":[[0,11.044],[-2.204,0],[-7.954,-2.642],[0,-9.027],[1.836,-0.556],[11.044,0]],"v":[[20,0],[0,20],[-6.307,18.985],[-20,0],[-5.8,-19.146],[0,-20]],"c":true}]}],"ix":2},"nm":"Path 1","mn":"ADBE Vector Shape - Group","hd":false},{"ty":"fl","c":{"a":0,"k":[0.960784316063,0.486274510622,0,1],"ix":4},"o":{"a":0,"k":100,"ix":5},"r":1,"bm":0,"nm":"Fill 1","mn":"ADBE Vector Graphic - Fill","hd":false},{"ty":"tr","p":{"a":0,"k":[0,0],"ix":2},"a":{"a":0,"k":[0,0],"ix":1},"s":{"a":0,"k":[100,100],"ix":3},"r":{"a":0,"k":0,"ix":6},"o":{"a":0,"k":100,"ix":7},"sk":{"a":0,"k":0,"ix":4},"sa":{"a":0,"k":0,"ix":5},"nm":"Transform"}],"nm":"Group 1","np":2,"cix":2,"bm":0,"ix":1,"mn":"ADBE Vector Group","hd":false}],"ip":13,"op":26,"st":13,"bm":0},{"ddd":0,"ind":5,"ty":4,"nm":"lines 2","tt":1,"sr":1,"ks":{"o":{"a":0,"k":60,"ix":11},"r":{"a":0,"k":0,"ix":10},"p":{"a":0,"k":[24,24,0],"ix":2},"a":{"a":0,"k":[24,24,0],"ix":1},"s":{"a":0,"k":[158,100,100],"ix":6}},"ao":0,"shapes":[{"ty":"gr","it":[{"ind":0,"ty":"sh","ix":1,"ks":{"a":0,"k":{"i":[[0,0],[0,0],[0,0],[0,0]],"o":[[0,0],[0,0],[0,0],[0,0]],"v":[[-14,1],[14,1],[14,-1],[-14,-1]],"c":true},"ix":2},"nm":"Path 1","mn":"ADBE Vector Shape - Group","hd":false},{"ty":"fl","c":{"a":0,"k":[1,0.75686275959,0.027450980619,1],"ix":4},"o":{"a":0,"k":100,"ix":5},"r":1,"bm":0,"nm":"Fill 1","mn":"ADBE Vector Graphic - Fill","hd":false},{"ty":"tr","p":{"a":0,"k":[24,39],"ix":2},"a":{"a":0,"k":[0,0],"ix":1},"s":{"a":0,"k":[100,100],"ix":3},"r":{"a":0,"k":0,"ix":6},"o":{"a":0,"k":100,"ix":7},"sk":{"a":0,"k":0,"ix":4},"sa":{"a":0,"k":0,"ix":5},"nm":"Transform"}],"nm":"Group 1","np":2,"cix":2,"bm":0,"ix":1,"mn":"ADBE Vector Group","hd":false},{"ty":"gr","it":[{"ind":0,"ty":"sh","ix":1,"ks":{"a":0,"k":{"i":[[0,0],[0,0],[0,0],[0,0]],"o":[[0,0],[0,0],[0,0],[0,0]],"v":[[-14,1],[14,1],[14,-1],[-14,-1]],"c":true},"ix":2},"nm":"Path 1","mn":"ADBE Vector Shape - Group","hd":false},{"ty":"fl","c":{"a":0,"k":[1,0.75686275959,0.027450980619,1],"ix":4},"o":{"a":0,"k":100,"ix":5},"r":1,"bm":0,"nm":"Fill 1","mn":"ADBE Vector Graphic - Fill","hd":false},{"ty":"tr","p":{"a":0,"k":[24,33],"ix":2},"a":{"a":0,"k":[0,0],"ix":1},"s":{"a":0,"k":[100,100],"ix":3},"r":{"a":0,"k":0,"ix":6},"o":{"a":0,"k":100,"ix":7},"sk":{"a":0,"k":0,"ix":4},"sa":{"a":0,"k":0,"ix":5},"nm":"Transform"}],"nm":"Group 2","np":2,"cix":2,"bm":0,"ix":2,"mn":"ADBE Vector Group","hd":false},{"ty":"gr","it":[{"ind":0,"ty":"sh","ix":1,"ks":{"a":0,"k":{"i":[[0,0],[0,0],[0,0],[0,0]],"o":[[0,0],[0,0],[0,0],[0,0]],"v":[[-14,1],[14,1],[14,-1],[-14,-1]],"c":true},"ix":2},"nm":"Path 1","mn":"ADBE Vector Shape - Group","hd":false},{"ty":"fl","c":{"a":0,"k":[1,0.75686275959,0.027450980619,1],"ix":4},"o":{"a":0,"k":100,"ix":5},"r":1,"bm":0,"nm":"Fill 1","mn":"ADBE Vector Graphic - Fill","hd":false},{"ty":"tr","p":{"a":0,"k":[24,27],"ix":2},"a":{"a":0,"k":[0,0],"ix":1},"s":{"a":0,"k":[100,100],"ix":3},"r":{"a":0,"k":0,"ix":6},"o":{"a":0,"k":100,"ix":7},"sk":{"a":0,"k":0,"ix":4},"sa":{"a":0,"k":0,"ix":5},"nm":"Transform"}],"nm":"Group 3","np":2,"cix":2,"bm":0,"ix":3,"mn":"ADBE Vector Group","hd":false},{"ty":"gr","it":[{"ind":0,"ty":"sh","ix":1,"ks":{"a":0,"k":{"i":[[0,0],[0,0],[0,0],[0,0]],"o":[[0,0],[0,0],[0,0],[0,0]],"v":[[-14,1],[14,1],[14,-1],[-14,-1]],"c":true},"ix":2},"nm":"Path 1","mn":"ADBE Vector Shape - Group","hd":false},{"ty":"fl","c":{"a":0,"k":[1,0.75686275959,0.027450980619,1],"ix":4},"o":{"a":0,"k":100,"ix":5},"r":1,"bm":0,"nm":"Fill 1","mn":"ADBE Vector Graphic - Fill","hd":false},{"ty":"tr","p":{"a":0,"k":[24,21],"ix":2},"a":{"a":0,"k":[0,0],"ix":1},"s":{"a":0,"k":[100,100],"ix":3},"r":{"a":0,"k":0,"ix":6},"o":{"a":0,"k":100,"ix":7},"sk":{"a":0,"k":0,"ix":4},"sa":{"a":0,"k":0,"ix":5},"nm":"Transform"}],"nm":"Group 4","np":2,"cix":2,"bm":0,"ix":4,"mn":"ADBE Vector Group","hd":false},{"ty":"gr","it":[{"ind":0,"ty":"sh","ix":1,"ks":{"a":0,"k":{"i":[[0,0],[0,0],[0,0],[0,0]],"o":[[0,0],[0,0],[0,0],[0,0]],"v":[[-14,1],[14,1],[14,-1],[-14,-1]],"c":true},"ix":2},"nm":"Path 1","mn":"ADBE Vector Shape - Group","hd":false},{"ty":"fl","c":{"a":0,"k":[1,0.75686275959,0.027450980619,1],"ix":4},"o":{"a":0,"k":100,"ix":5},"r":1,"bm":0,"nm":"Fill 1","mn":"ADBE Vector Graphic - Fill","hd":false},{"ty":"tr","p":{"a":0,"k":[24,15],"ix":2},"a":{"a":0,"k":[0,0],"ix":1},"s":{"a":0,"k":[100,100],"ix":3},"r":{"a":0,"k":0,"ix":6},"o":{"a":0,"k":100,"ix":7},"sk":{"a":0,"k":0,"ix":4},"sa":{"a":0,"k":0,"ix":5},"nm":"Transform"}],"nm":"Group 5","np":2,"cix":2,"bm":0,"ix":5,"mn":"ADBE Vector Group","hd":false},{"ty":"gr","it":[{"ind":0,"ty":"sh","ix":1,"ks":{"a":0,"k":{"i":[[0,0],[0,0],[0,0],[0,0]],"o":[[0,0],[0,0],[0,0],[0,0]],"v":[[-14,-1],[-14,1],[14,1],[14,-1]],"c":true},"ix":2},"nm":"Path 1","mn":"ADBE Vector Shape - Group","hd":false},{"ty":"fl","c":{"a":0,"k":[1,0.75686275959,0.027450980619,1],"ix":4},"o":{"a":0,"k":100,"ix":5},"r":1,"bm":0,"nm":"Fill 1","mn":"ADBE Vector Graphic - Fill","hd":false},{"ty":"tr","p":{"a":0,"k":[24,9],"ix":2},"a":{"a":0,"k":[0,0],"ix":1},"s":{"a":0,"k":[100,100],"ix":3},"r":{"a":0,"k":0,"ix":6},"o":{"a":0,"k":100,"ix":7},"sk":{"a":0,"k":0,"ix":4},"sa":{"a":0,"k":0,"ix":5},"nm":"Transform"}],"nm":"Group 6","np":2,"cix":2,"bm":0,"ix":6,"mn":"ADBE Vector Group","hd":false}],"ip":13,"op":28,"st":-1,"bm":0},{"ddd":0,"ind":6,"ty":4,"nm":"coin back 2","sr":1,"ks":{"o":{"a":0,"k":100,"ix":11},"r":{"a":0,"k":0,"ix":10},"p":{"a":1,"k":[{"i":{"x":0.667,"y":1},"o":{"x":0.167,"y":0.167},"t":13,"s":[29.125,24,0],"to":[0,0,0],"ti":[0,0,0]},{"t":26,"s":[24,24,0]}],"ix":2},"a":{"a":0,"k":[0,0,0],"ix":1},"s":{"a":0,"k":[-100,100,100],"ix":6}},"ao":0,"shapes":[{"ty":"gr","it":[{"ind":0,"ty":"sh","ix":1,"ks":{"a":1,"k":[{"i":{"x":0.833,"y":0.833},"o":{"x":0.167,"y":0.167},"t":13,"s":[{"i":[[0,-11.044],[-0.003,-1.875],[0.224,0.015],[0,8.84],[-0.001,2.598],[-1.159,0]],"o":[[0,11.044],[-0.753,-0.031],[0.037,-2.815],[0,-9.027],[1.78,-0.027],[-0.003,2.5]],"v":[[10.024,-0.005],[9.987,19.995],[0.006,19.99],[0.087,-0.207],[0.009,-19.994],[10.034,-20.005]],"c":true}]},{"i":{"x":0.833,"y":0.833},"o":{"x":0.167,"y":0.167},"t":14,"s":[{"i":[[0,-11.044],[0.823,0],[0.226,0.014],[0,8.84],[-0.612,2.487],[-0.15,0]],"o":[[0,11.044],[-0.164,0],[-0.593,-2.642],[0,-9.027],[0.227,0],[0.823,0]],"v":[[11.024,-0.029],[9.534,19.971],[0.228,19.983],[-0.726,-0.029],[0.274,-20.008],[9.534,-20.029]],"c":true}]},{"i":{"x":0.833,"y":0.833},"o":{"x":0.167,"y":0.167},"t":15,"s":[{"i":[[0,-11.044],[1.655,0],[0.451,0.015],[0,8.84],[-1.231,2.487],[-0.302,0]],"o":[[0,11.044],[-0.33,0],[-1.192,-2.642],[0,-9.027],[0.406,0.001],[1.655,0]],"v":[[13.304,0.101],[10.252,20.047],[0.495,19.997],[-1.946,-0.019],[0.516,-19.986],[10.307,-19.946]],"c":true}]},{"i":{"x":0.833,"y":0.833},"o":{"x":0.167,"y":0.167},"t":16,"s":[{"i":[[0,-11.044],[2.524,0],[0.688,0.015],[0,8.84],[-1.878,2.487],[-0.461,0]],"o":[[0,11.044],[-0.504,0],[-1.818,-2.642],[0,-9.027],[0.585,0.021],[2.524,0]],"v":[[15.183,-0.001],[10.612,19.999],[0.561,19.998],[-2.567,-0.04],[0.34,-19.976],[10.612,-20.001]],"c":true}]},{"i":{"x":0.833,"y":0.833},"o":{"x":0.167,"y":0.167},"t":17,"s":[{"i":[[0,-11.044],[3.496,0],[0.953,0.015],[0,8.84],[-2.601,2.487],[-0.638,0]],"o":[[0,11.044],[-0.698,0],[-2.518,-2.642],[0,-9.027],[0.81,0.021],[3.496,0]],"v":[[17.078,-0.009],[10.747,19.991],[0.357,19.99],[-4.094,-0.044],[0.317,-19.981],[10.747,-20.009]],"c":true}]},{"i":{"x":0.833,"y":0.833},"o":{"x":0.167,"y":0.167},"t":18,"s":[{"i":[[0,-11.044],[4.468,0],[1.218,0.015],[0,8.84],[-3.324,2.487],[-0.816,0]],"o":[[0,11.044],[-0.892,0],[-3.218,-2.642],[0,-9.027],[1.036,0.021],[4.468,0]],"v":[[18.473,-0.017],[10.382,19.983],[0.418,19.999],[-5.62,-0.048],[0.56,-19.968],[10.382,-20.017]],"c":true}]},{"i":{"x":0.667,"y":1},"o":{"x":0.167,"y":0.167},"t":20,"s":[{"i":[[0,-11.044],[7.11,0],[1.937,0.015],[0,8.84],[-5.289,2.487],[-1.298,0]],"o":[[0,11.044],[-1.419,0],[-5.121,-2.642],[0,-9.027],[1.648,0.021],[7.11,0]],"v":[[21.005,0.021],[8.13,20.021],[0.204,20.006],[-7.901,0.021],[-0.814,-19.969],[8.13,-19.979]],"c":true}]},{"t":26,"s":[{"i":[[0,-11.044],[11.044,0],[1.983,0.659],[0,8.84],[-8.217,2.487],[-2.017,0]],"o":[[0,11.044],[-2.204,0],[-7.954,-2.642],[0,-9.027],[1.836,-0.556],[11.044,0]],"v":[[20,0],[0,20],[-6.307,18.985],[-20,0],[-5.8,-19.146],[0,-20]],"c":true}]}],"ix":2},"nm":"Path 1","mn":"ADBE Vector Shape - Group","hd":false},{"ty":"fl","c":{"a":0,"k":[0.960784316063,0.486274510622,0,1],"ix":4},"o":{"a":0,"k":100,"ix":5},"r":1,"bm":0,"nm":"Fill 1","mn":"ADBE Vector Graphic - Fill","hd":false},{"ty":"tr","p":{"a":0,"k":[0,0],"ix":2},"a":{"a":0,"k":[0,0],"ix":1},"s":{"a":0,"k":[100,100],"ix":3},"r":{"a":0,"k":0,"ix":6},"o":{"a":0,"k":100,"ix":7},"sk":{"a":0,"k":0,"ix":4},"sa":{"a":0,"k":0,"ix":5},"nm":"Transform"}],"nm":"Group 1","np":2,"cix":2,"bm":0,"ix":1,"mn":"ADBE Vector Group","hd":false}],"ip":13,"op":26,"st":13,"bm":0},{"ddd":0,"ind":7,"ty":4,"nm":"mask1","td":1,"sr":1,"ks":{"o":{"a":0,"k":100,"ix":11},"r":{"a":0,"k":0,"ix":10},"p":{"a":1,"k":[{"i":{"x":0.833,"y":0.833},"o":{"x":0.333,"y":0},"t":0,"s":[24,24,0],"to":[0,0,0],"ti":[0,0,0]},{"t":13,"s":[29.125,24,0]}],"ix":2},"a":{"a":0,"k":[0,0,0],"ix":1},"s":{"a":0,"k":[100,100,100],"ix":6}},"ao":0,"shapes":[{"ty":"gr","it":[{"ind":0,"ty":"sh","ix":1,"ks":{"a":1,"k":[{"i":{"x":0.833,"y":0.833},"o":{"x":0.333,"y":0},"t":0,"s":[{"i":[[0,-11.044],[11.044,0],[1.983,0.659],[0,8.84],[-8.217,2.487],[-2.017,0]],"o":[[0,11.044],[-2.204,0],[-7.954,-2.642],[0,-9.027],[1.836,-0.556],[11.044,0]],"v":[[20,0],[0,20],[-6.307,18.985],[-20,0],[-5.8,-19.146],[0,-20]],"c":true}]},{"i":{"x":0.833,"y":0.833},"o":{"x":0.167,"y":0.167},"t":3,"s":[{"i":[[0,-11.044],[9.616,0],[1.966,0.425],[0,8.84],[-7.154,2.487],[-1.756,0]],"o":[[0,11.044],[-1.919,0],[-6.926,-2.642],[0,-9.027],[1.692,-0.521],[9.616,0]],"v":[[17.461,0],[0.047,20],[-5.441,19.351],[-17.106,0.004],[-5.519,-18.979],[0.047,-20]],"c":true}]},{"i":{"x":0.833,"y":0.833},"o":{"x":0.167,"y":0.167},"t":5,"s":[{"i":[[0,-11.044],[7.945,0],[1.947,0.152],[0,8.84],[-5.911,2.487],[-1.451,0]],"o":[[0,11.044],[-1.585,0],[-5.722,-2.642],[0,-9.027],[1.262,-0.573],[7.945,0]],"v":[[19.366,0],[4.978,20],[-4.428,19.781],[-13.719,0.008],[-5.132,-19.021],[4.978,-20]],"c":true}]},{"i":{"x":0.833,"y":0.833},"o":{"x":0.167,"y":0.167},"t":6,"s":[{"i":[[0,-11.044],[7.11,0],[1.937,0.015],[0,8.84],[-5.289,2.487],[-1.298,0]],"o":[[0,11.044],[-1.419,0],[-5.121,-2.642],[0,-9.027],[1.648,0.021],[7.11,0]],"v":[[18.13,0],[5.255,20],[-3.921,19.995],[-12.026,0.01],[-2.908,-19.979],[5.255,-20]],"c":true}]},{"i":{"x":0.833,"y":0.833},"o":{"x":0.167,"y":0.167},"t":7,"s":[{"i":[[0,-11.044],[5.789,0],[1.577,0.015],[0,8.84],[-4.307,2.487],[-1.057,0]],"o":[[0,11.044],[-1.155,0],[-4.169,-2.642],[0,-9.027],[1.342,0.021],[5.789,0]],"v":[[16.864,0],[6.381,20],[-3.568,19.972],[-11.386,-0.015],[-4.1,-20.008],[6.381,-20]],"c":true}]},{"i":{"x":0.833,"y":0.833},"o":{"x":0.167,"y":0.167},"t":8,"s":[{"i":[[0,-11.044],[4.468,0],[1.218,0.015],[0,8.84],[-3.324,2.487],[-0.816,0]],"o":[[0,11.044],[-0.892,0],[-3.218,-2.642],[0,-9.027],[1.036,0.021],[4.468,0]],"v":[[13.973,0],[5.882,20],[-4.777,19.953],[-10.745,-0.04],[-4.479,-19.967],[5.882,-20]],"c":true}]},{"i":{"x":0.833,"y":0.833},"o":{"x":0.167,"y":0.167},"t":9,"s":[{"i":[[0,-11.044],[3.496,0],[0.953,0.015],[0,8.84],[-2.601,2.487],[-0.638,0]],"o":[[0,11.044],[-0.698,0],[-2.518,-2.642],[0,-9.027],[0.81,0.021],[3.496,0]],"v":[[10.953,0],[4.622,20],[-5.374,19.984],[-10.344,-0.04],[-6.054,-19.971],[4.622,-20]],"c":true}]},{"i":{"x":0.833,"y":0.833},"o":{"x":0.167,"y":0.167},"t":10,"s":[{"i":[[0,-11.044],[2.524,0],[0.688,0.015],[0,8.84],[-1.878,2.487],[-0.461,0]],"o":[[0,11.044],[-0.504,0],[-1.818,-2.642],[0,-9.027],[0.585,0.021],[2.524,0]],"v":[[8.808,0],[4.237,20],[-6.939,19.999],[-9.942,-0.04],[-6.973,-19.98],[4.237,-20]],"c":true}]},{"i":{"x":0.833,"y":0.833},"o":{"x":0.167,"y":0.167},"t":11,"s":[{"i":[[0,-11.044],[1.655,0],[0.451,0.015],[0,8.84],[-1.231,2.487],[-0.302,0]],"o":[[0,11.044],[-0.33,0],[-1.192,-2.642],[0,-9.027],[0.384,0.021],[1.655,0]],"v":[[5.788,0],[2.792,20],[-7.622,19.973],[-10.462,-0.07],[-7.656,-19.989],[2.792,-20]],"c":true}]},{"i":{"x":0.833,"y":0.833},"o":{"x":0.167,"y":0.167},"t":12,"s":[{"i":[[0,-11.044],[0.823,0],[0.226,0.014],[0,8.84],[-0.612,2.487],[-0.15,0]],"o":[[0,11.044],[-0.164,0],[-0.593,-2.642],[0,-9.027],[0.227,0],[0.823,0]],"v":[[3.024,0],[1.534,20],[-8.991,19.995],[-10.476,-0.015],[-8.944,-19.996],[1.534,-20]],"c":true}]},{"t":13,"s":[{"i":[[0,-11.044],[-0.003,-1.875],[0.224,0.015],[0,8.84],[-0.001,2.598],[-1.159,0]],"o":[[0,11.044],[-0.753,-0.031],[0.037,-2.815],[0,-9.027],[1.78,-0.027],[-0.003,2.5]],"v":[[-0.101,0],[-0.138,20],[-10.119,19.995],[-10.038,-0.202],[-10.116,-19.989],[-0.091,-20]],"c":true}]}],"ix":2},"nm":"Path 1","mn":"ADBE Vector Shape - Group","hd":false},{"ty":"fl","c":{"a":0,"k":[0.960784316063,0.486274510622,0,1],"ix":4},"o":{"a":0,"k":100,"ix":5},"r":1,"bm":0,"nm":"Fill 1","mn":"ADBE Vector Graphic - Fill","hd":false},{"ty":"tr","p":{"a":0,"k":[0,0],"ix":2},"a":{"a":0,"k":[0,0],"ix":1},"s":{"a":0,"k":[100,100],"ix":3},"r":{"a":0,"k":0,"ix":6},"o":{"a":0,"k":100,"ix":7},"sk":{"a":0,"k":0,"ix":4},"sa":{"a":0,"k":0,"ix":5},"nm":"Transform"}],"nm":"Group 1","np":2,"cix":2,"bm":0,"ix":1,"mn":"ADBE Vector Group","hd":false}],"ip":0,"op":13,"st":0,"bm":0},{"ddd":0,"ind":8,"ty":4,"nm":"lines","tt":1,"sr":1,"ks":{"o":{"a":0,"k":60,"ix":11},"r":{"a":0,"k":0,"ix":10},"p":{"a":0,"k":[24,24,0],"ix":2},"a":{"a":0,"k":[24,24,0],"ix":1},"s":{"a":0,"k":[158,100,100],"ix":6}},"ao":0,"shapes":[{"ty":"gr","it":[{"ind":0,"ty":"sh","ix":1,"ks":{"a":0,"k":{"i":[[0,0],[0,0],[0,0],[0,0]],"o":[[0,0],[0,0],[0,0],[0,0]],"v":[[-14,1],[14,1],[14,-1],[-14,-1]],"c":true},"ix":2},"nm":"Path 1","mn":"ADBE Vector Shape - Group","hd":false},{"ty":"fl","c":{"a":0,"k":[1,0.75686275959,0.027450980619,1],"ix":4},"o":{"a":0,"k":100,"ix":5},"r":1,"bm":0,"nm":"Fill 1","mn":"ADBE Vector Graphic - Fill","hd":false},{"ty":"tr","p":{"a":0,"k":[24,39],"ix":2},"a":{"a":0,"k":[0,0],"ix":1},"s":{"a":0,"k":[100,100],"ix":3},"r":{"a":0,"k":0,"ix":6},"o":{"a":0,"k":100,"ix":7},"sk":{"a":0,"k":0,"ix":4},"sa":{"a":0,"k":0,"ix":5},"nm":"Transform"}],"nm":"Group 1","np":2,"cix":2,"bm":0,"ix":1,"mn":"ADBE Vector Group","hd":false},{"ty":"gr","it":[{"ind":0,"ty":"sh","ix":1,"ks":{"a":0,"k":{"i":[[0,0],[0,0],[0,0],[0,0]],"o":[[0,0],[0,0],[0,0],[0,0]],"v":[[-14,1],[14,1],[14,-1],[-14,-1]],"c":true},"ix":2},"nm":"Path 1","mn":"ADBE Vector Shape - Group","hd":false},{"ty":"fl","c":{"a":0,"k":[1,0.75686275959,0.027450980619,1],"ix":4},"o":{"a":0,"k":100,"ix":5},"r":1,"bm":0,"nm":"Fill 1","mn":"ADBE Vector Graphic - Fill","hd":false},{"ty":"tr","p":{"a":0,"k":[24,33],"ix":2},"a":{"a":0,"k":[0,0],"ix":1},"s":{"a":0,"k":[100,100],"ix":3},"r":{"a":0,"k":0,"ix":6},"o":{"a":0,"k":100,"ix":7},"sk":{"a":0,"k":0,"ix":4},"sa":{"a":0,"k":0,"ix":5},"nm":"Transform"}],"nm":"Group 2","np":2,"cix":2,"bm":0,"ix":2,"mn":"ADBE Vector Group","hd":false},{"ty":"gr","it":[{"ind":0,"ty":"sh","ix":1,"ks":{"a":0,"k":{"i":[[0,0],[0,0],[0,0],[0,0]],"o":[[0,0],[0,0],[0,0],[0,0]],"v":[[-14,1],[14,1],[14,-1],[-14,-1]],"c":true},"ix":2},"nm":"Path 1","mn":"ADBE Vector Shape - Group","hd":false},{"ty":"fl","c":{"a":0,"k":[1,0.75686275959,0.027450980619,1],"ix":4},"o":{"a":0,"k":100,"ix":5},"r":1,"bm":0,"nm":"Fill 1","mn":"ADBE Vector Graphic - Fill","hd":false},{"ty":"tr","p":{"a":0,"k":[24,27],"ix":2},"a":{"a":0,"k":[0,0],"ix":1},"s":{"a":0,"k":[100,100],"ix":3},"r":{"a":0,"k":0,"ix":6},"o":{"a":0,"k":100,"ix":7},"sk":{"a":0,"k":0,"ix":4},"sa":{"a":0,"k":0,"ix":5},"nm":"Transform"}],"nm":"Group 3","np":2,"cix":2,"bm":0,"ix":3,"mn":"ADBE Vector Group","hd":false},{"ty":"gr","it":[{"ind":0,"ty":"sh","ix":1,"ks":{"a":0,"k":{"i":[[0,0],[0,0],[0,0],[0,0]],"o":[[0,0],[0,0],[0,0],[0,0]],"v":[[-14,1],[14,1],[14,-1],[-14,-1]],"c":true},"ix":2},"nm":"Path 1","mn":"ADBE Vector Shape - Group","hd":false},{"ty":"fl","c":{"a":0,"k":[1,0.75686275959,0.027450980619,1],"ix":4},"o":{"a":0,"k":100,"ix":5},"r":1,"bm":0,"nm":"Fill 1","mn":"ADBE Vector Graphic - Fill","hd":false},{"ty":"tr","p":{"a":0,"k":[24,21],"ix":2},"a":{"a":0,"k":[0,0],"ix":1},"s":{"a":0,"k":[100,100],"ix":3},"r":{"a":0,"k":0,"ix":6},"o":{"a":0,"k":100,"ix":7},"sk":{"a":0,"k":0,"ix":4},"sa":{"a":0,"k":0,"ix":5},"nm":"Transform"}],"nm":"Group 4","np":2,"cix":2,"bm":0,"ix":4,"mn":"ADBE Vector Group","hd":false},{"ty":"gr","it":[{"ind":0,"ty":"sh","ix":1,"ks":{"a":0,"k":{"i":[[0,0],[0,0],[0,0],[0,0]],"o":[[0,0],[0,0],[0,0],[0,0]],"v":[[-14,1],[14,1],[14,-1],[-14,-1]],"c":true},"ix":2},"nm":"Path 1","mn":"ADBE Vector Shape - Group","hd":false},{"ty":"fl","c":{"a":0,"k":[1,0.75686275959,0.027450980619,1],"ix":4},"o":{"a":0,"k":100,"ix":5},"r":1,"bm":0,"nm":"Fill 1","mn":"ADBE Vector Graphic - Fill","hd":false},{"ty":"tr","p":{"a":0,"k":[24,15],"ix":2},"a":{"a":0,"k":[0,0],"ix":1},"s":{"a":0,"k":[100,100],"ix":3},"r":{"a":0,"k":0,"ix":6},"o":{"a":0,"k":100,"ix":7},"sk":{"a":0,"k":0,"ix":4},"sa":{"a":0,"k":0,"ix":5},"nm":"Transform"}],"nm":"Group 5","np":2,"cix":2,"bm":0,"ix":5,"mn":"ADBE Vector Group","hd":false},{"ty":"gr","it":[{"ind":0,"ty":"sh","ix":1,"ks":{"a":0,"k":{"i":[[0,0],[0,0],[0,0],[0,0]],"o":[[0,0],[0,0],[0,0],[0,0]],"v":[[-14,-1],[-14,1],[14,1],[14,-1]],"c":true},"ix":2},"nm":"Path 1","mn":"ADBE Vector Shape - Group","hd":false},{"ty":"fl","c":{"a":0,"k":[1,0.75686275959,0.027450980619,1],"ix":4},"o":{"a":0,"k":100,"ix":5},"r":1,"bm":0,"nm":"Fill 1","mn":"ADBE Vector Graphic - Fill","hd":false},{"ty":"tr","p":{"a":0,"k":[24,9],"ix":2},"a":{"a":0,"k":[0,0],"ix":1},"s":{"a":0,"k":[100,100],"ix":3},"r":{"a":0,"k":0,"ix":6},"o":{"a":0,"k":100,"ix":7},"sk":{"a":0,"k":0,"ix":4},"sa":{"a":0,"k":0,"ix":5},"nm":"Transform"}],"nm":"Group 6","np":2,"cix":2,"bm":0,"ix":6,"mn":"ADBE Vector Group","hd":false}],"ip":0,"op":13,"st":0,"bm":0},{"ddd":0,"ind":9,"ty":4,"nm":"coin back","sr":1,"ks":{"o":{"a":0,"k":100,"ix":11},"r":{"a":0,"k":0,"ix":10},"p":{"a":1,"k":[{"i":{"x":0.833,"y":0.833},"o":{"x":0.333,"y":0},"t":0,"s":[24,24,0],"to":[0,0,0],"ti":[0,0,0]},{"t":13,"s":[29.125,24,0]}],"ix":2},"a":{"a":0,"k":[0,0,0],"ix":1},"s":{"a":0,"k":[100,100,100],"ix":6}},"ao":0,"shapes":[{"ty":"gr","it":[{"ind":0,"ty":"sh","ix":1,"ks":{"a":1,"k":[{"i":{"x":0.833,"y":0.833},"o":{"x":0.333,"y":0},"t":0,"s":[{"i":[[0,-11.044],[11.044,0],[1.983,0.659],[0,8.84],[-8.217,2.487],[-2.017,0]],"o":[[0,11.044],[-2.204,0],[-7.954,-2.642],[0,-9.027],[1.836,-0.556],[11.044,0]],"v":[[20,0],[0,20],[-6.307,18.985],[-20,0],[-5.8,-19.146],[0,-20]],"c":true}]},{"i":{"x":0.833,"y":0.833},"o":{"x":0.167,"y":0.167},"t":3,"s":[{"i":[[0,-11.044],[9.616,0],[1.966,0.425],[0,8.84],[-7.154,2.487],[-1.756,0]],"o":[[0,11.044],[-1.919,0],[-6.926,-2.642],[0,-9.027],[1.692,-0.521],[9.616,0]],"v":[[17.461,0],[0.047,20],[-5.441,19.351],[-17.106,0.004],[-5.519,-18.979],[0.047,-20]],"c":true}]},{"i":{"x":0.833,"y":0.833},"o":{"x":0.167,"y":0.167},"t":5,"s":[{"i":[[0,-11.044],[7.945,0],[1.947,0.152],[0,8.84],[-5.911,2.487],[-1.451,0]],"o":[[0,11.044],[-1.585,0],[-5.722,-2.642],[0,-9.027],[1.262,-0.573],[7.945,0]],"v":[[19.366,0],[4.978,20],[-4.428,19.781],[-13.719,0.008],[-5.132,-19.021],[4.978,-20]],"c":true}]},{"i":{"x":0.833,"y":0.833},"o":{"x":0.167,"y":0.167},"t":6,"s":[{"i":[[0,-11.044],[7.11,0],[1.937,0.015],[0,8.84],[-5.289,2.487],[-1.298,0]],"o":[[0,11.044],[-1.419,0],[-5.121,-2.642],[0,-9.027],[1.648,0.021],[7.11,0]],"v":[[18.13,0],[5.255,20],[-3.921,19.995],[-12.026,0.01],[-2.908,-19.979],[5.255,-20]],"c":true}]},{"i":{"x":0.833,"y":0.833},"o":{"x":0.167,"y":0.167},"t":7,"s":[{"i":[[0,-11.044],[5.789,0],[1.577,0.015],[0,8.84],[-4.307,2.487],[-1.057,0]],"o":[[0,11.044],[-1.155,0],[-4.169,-2.642],[0,-9.027],[1.342,0.021],[5.789,0]],"v":[[16.864,0],[6.381,20],[-3.568,19.972],[-11.386,-0.015],[-4.1,-20.008],[6.381,-20]],"c":true}]},{"i":{"x":0.833,"y":0.833},"o":{"x":0.167,"y":0.167},"t":8,"s":[{"i":[[0,-11.044],[4.468,0],[1.218,0.015],[0,8.84],[-3.324,2.487],[-0.816,0]],"o":[[0,11.044],[-0.892,0],[-3.218,-2.642],[0,-9.027],[1.036,0.021],[4.468,0]],"v":[[13.973,0],[5.882,20],[-4.777,19.953],[-10.745,-0.04],[-4.479,-19.967],[5.882,-20]],"c":true}]},{"i":{"x":0.833,"y":0.833},"o":{"x":0.167,"y":0.167},"t":9,"s":[{"i":[[0,-11.044],[3.496,0],[0.953,0.015],[0,8.84],[-2.601,2.487],[-0.638,0]],"o":[[0,11.044],[-0.698,0],[-2.518,-2.642],[0,-9.027],[0.81,0.021],[3.496,0]],"v":[[10.953,0],[4.622,20],[-5.374,19.984],[-10.344,-0.04],[-6.054,-19.971],[4.622,-20]],"c":true}]},{"i":{"x":0.833,"y":0.833},"o":{"x":0.167,"y":0.167},"t":10,"s":[{"i":[[0,-11.044],[2.524,0],[0.688,0.015],[0,8.84],[-1.878,2.487],[-0.461,0]],"o":[[0,11.044],[-0.504,0],[-1.818,-2.642],[0,-9.027],[0.585,0.021],[2.524,0]],"v":[[8.808,0],[4.237,20],[-6.939,19.999],[-9.942,-0.04],[-6.973,-19.98],[4.237,-20]],"c":true}]},{"i":{"x":0.833,"y":0.833},"o":{"x":0.167,"y":0.167},"t":11,"s":[{"i":[[0,-11.044],[1.655,0],[0.451,0.015],[0,8.84],[-1.231,2.487],[-0.302,0]],"o":[[0,11.044],[-0.33,0],[-1.192,-2.642],[0,-9.027],[0.384,0.021],[1.655,0]],"v":[[5.788,0],[2.792,20],[-7.622,19.973],[-10.462,-0.07],[-7.656,-19.989],[2.792,-20]],"c":true}]},{"i":{"x":0.833,"y":0.833},"o":{"x":0.167,"y":0.167},"t":12,"s":[{"i":[[0,-11.044],[0.823,0],[0.226,0.014],[0,8.84],[-0.612,2.487],[-0.15,0]],"o":[[0,11.044],[-0.164,0],[-0.593,-2.642],[0,-9.027],[0.227,0],[0.823,0]],"v":[[3.024,0],[1.534,20],[-8.991,19.995],[-10.476,-0.015],[-8.944,-19.996],[1.534,-20]],"c":true}]},{"t":13,"s":[{"i":[[0,-11.044],[-0.003,-1.875],[0.224,0.015],[0,8.84],[-0.001,2.598],[-1.159,0]],"o":[[0,11.044],[-0.753,-0.031],[0.037,-2.815],[0,-9.027],[1.78,-0.027],[-0.003,2.5]],"v":[[-0.101,0],[-0.138,20],[-10.119,19.995],[-10.038,-0.202],[-10.116,-19.989],[-0.091,-20]],"c":true}]}],"ix":2},"nm":"Path 1","mn":"ADBE Vector Shape - Group","hd":false},{"ty":"fl","c":{"a":0,"k":[0.960784316063,0.486274510622,0,1],"ix":4},"o":{"a":0,"k":100,"ix":5},"r":1,"bm":0,"nm":"Fill 1","mn":"ADBE Vector Graphic - Fill","hd":false},{"ty":"tr","p":{"a":0,"k":[0,0],"ix":2},"a":{"a":0,"k":[0,0],"ix":1},"s":{"a":0,"k":[100,100],"ix":3},"r":{"a":0,"k":0,"ix":6},"o":{"a":0,"k":100,"ix":7},"sk":{"a":0,"k":0,"ix":4},"sa":{"a":0,"k":0,"ix":5},"nm":"Transform"}],"nm":"Group 1","np":2,"cix":2,"bm":0,"ix":1,"mn":"ADBE Vector Group","hd":false}],"ip":0,"op":13,"st":0,"bm":0}],"markers":[]}